Brand,URL,Environment,DNS,SSL,AEM,Live,GeoDNS,Server,Redirect,Redirect URL,Google Analytics,Pingu,Comment
AEM author,https://author-eu.content.digital4danone.com,Prod Tech,Ready,Ready,Ready,N,N,EU,N,,N,N,
AEM author,https://author-rc-eu-64.aem.digital4danone.com,RC,Ready,Ready,Ready,N,N,EU,N,,N,N,
AEM author,https://author-danone-stage-64-b62-s3.adobecqms.net,Staging,Ready,Ready,Ready,N,N,EU,N,,N,N,
AEM master,https://rolex-master-prod-64.content.digital4danone.com,Prod Tech,Ready,Ready,Ready,N,N,EU,N,,N,N,Used as product webservice for SNVT tool (called with https://rolex-master-prod-64.content.digital4danone.com/r.carelineprod.html?lang=<locale>&pid=<product_id>&brand=<brand_name> )
AEM master,https://rolex-master-staging-64-eu.content.digital4danone.com,Staging,Ready,Ready,Ready,N,N,EU,N,,N,Y,Used as product webservice for SNVT tool (called with https://rolex-master-staging-64-eu.content.digital4danone.com/r.carelineprod.html?lang=<locale>&pid=<product_id>&brand=<brand_name> )
AFR Aptamil,https://qrt.aptatnc.com,Public prod,Ready,Ready,Ready,Y,N,EU,N,Danone.com by default - may need to be updated later,,,
AFR Aptamil,https://qru.aptatnc.com,Public prod,Ready,Ready,Ready,N,N,EU,Y,Danone.com by default - may need to be updated later,,,
AFR Aptamil,https://qrv.aptatnc.com,Public prod,Ready,Ready,Ready,N,N,EU,Y,Danone.com by default - may need to be updated later,,,
AFR Aptamil,https://qrw.aptatnc.com,Public prod,Ready,Ready,Ready,N,N,EU,Y,Danone.com by default - may need to be updated later,,,
AFR Aptamil,https://qrx.aptatnc.com,Public prod,Ready,Ready,Ready,N,N,EU,Y,Danone.com by default - may need to be updated later,,,
AFR Aptamil,https://qry.aptatnc.com,Public prod,Ready,Ready,Ready,N,N,EU,Y,Danone.com by default - may need to be updated later,,,
AFR Aptamil,https://qrz.aptatnc.com,Public prod,Ready,Ready,Ready,N,N,EU,Y,Danone.com by default - may need to be updated later,,,
AFR Aptamil,https://rolex-aptamil-afr-prod-64.content.digital4danone.com,Prod Tech,Ready,Ready,Ready,N,N,EU,N,,,,
AFR Aptamil,https://rolex-aptamil-afr-rc-64-eu.aem.digital4danone.com,RC,Ready,Ready,Ready,N,N,EU,N,,,,
AFR Aptamil,https://rolex-aptamil-afr-staging-64-eu.content.digital4danone.com,Staging,Ready,Ready,Ready,N,N,EU,N,,,,
ANZ Aptamil,https://aptamilanz.content.digital4danone.com.cn,Public prod,Ready,Ready,Ready,N,N,CN,N,,N,N,Content of https://nutricia.com.au/early-life-nutrition/aptamil/profutura
ANZ Aptamil,https://qr.aptamil-anz.com,Public prod,Ready,Ready,Ready,N,Y,CN,Y,,N,N,
ANZ Aptamil,https://rolex-aptamil-au-prod-64.content.digital4danone.com.cn,Prod Tech,Ready,Ready,Ready,N,N,CN,Y,,N,N,
ANZ Aptamil,https://qrs.aptamil-anz.com,Public prod,Ready,Ready,Ready,N,Y,CN,Y,,N,N,
ANZ Aptamil,https://rolex-aptamil-au-prod-64.content.digital4danone.com,Prod Tech,Ready,Ready,Ready,N,N,EU,N,,N,N,
ANZ Aptamil,https://rolex-aptanutritionau-rc-64-eu.aem.digital4danone.com,RC,Ready,Ready,Ready,N,N,EU,N,,N,N,
ANZ Aptamil,https://aptamilanz-staging.content.digital4danone.com.cn,Staging,Ready,Ready,Ready,N,Y,CN,N,,N,N,Content of https://nutricia.com.au/early-life-nutrition/aptamil/profutura
ANZ Aptamil,https://qrt.aptamil-anz.com,Public prod,Ready,Ready,Ready,N,Y,CN,Y,,N,N,
ANZ Aptamil,https://qrx.aptamil-anz.com,Public prod,Ready,Ready,Ready,N,Y,CN,Y,https://nutriciacareline.com.au/baby/subscription-newsletter.html,N,N,
ANZ Aptamil,https://qr01.nutricia.com.au,Public prod,Ready,Ready,Ready,N,N,EU,Y,https://nutricia.com.au/early-life-nutrition/aptamil/profutura?utm_source=rolex-anz&utm_medium=qr&utm_campaign=aptamil-profutura/chep,N,N,Redirect handled by CBU ; Configure the normal site
ANZ Aptamil,https://qr02.nutricia.com.au,Public prod,Ready,Ready,Ready,N,N,EU,Y,https://nutricia.com.au/early-life-nutrition/aptamil/profutura?utm_source=rolex-anz&utm_medium=qr&utm_campaign=aptamil-profutura/chep,N,N,
ANZ Aptamil,https://qr.nutricia.com.au,Public prod,Ready,Ready,Ready,Y,N,EU,N,https://nutricia.com.au/early-life-nutrition/aptamil/profutura?utm_source=rolex-anz&utm_medium=qr&utm_campaign=aptamil-profutura/chep,Y,Y,
ANZ Aptamil,https://rolex-aptamil-anz-staging-64.content.digital4danone.com.cn,Staging,Ready,Ready,Ready,N,Y,CN,N,,N,N,
ANZ Aptamil,https://rolex-aptamil-anz-staging-64.content.digital4danone.com,Staging,Ready,Ready,Ready,N,N,EU,N,,N,N,
ANZ Aptamil,https://rolex-aptanutritionau-staging-64-eu.content.digital4danone.com,Staging,Ready,Ready,Ready,N,N,EU,N,,N,Y,
ANZ Aptamil OAT,https://anzaptamiloat.content.digital4danone.com.cn,Public prod,Ready,Ready,Ready,N,N,CN,Y,,N,N,static page (content TBD)
ANZ Aptamil OAT,https://qr.aptamilessensis.com,Public prod,Ready,Ready,Ready,N,Y,CN,Y,https://nutriciacareline.com.au/baby/subscription-newsletter.html ,N,N,
ANZ Aptamil OAT,https://rolex-aptamil-anz-oat-prod-64.content.digital4danone.com,Prod Tech,Ready,Ready,Ready,N,N,EU,N,,N,N,
ANZ Aptamil OAT,https://rolex-aptamil-anz-oat-prod-64.content.digital4danone.com.cn,Prod Tech,Ready,Ready,Ready,N,N,CN,N,,N,N,
ANZ Aptamil OAT,https://rolex-aptamil-oat-au-prod-64.content.digital4danone.com,Prod Tech,Ready,Ready,Ready,N,N,EU,N,,N,N,
ANZ Aptamil OAT,https://qra.aptamilessensis.com,Public prod,Ready,Ready,Ready,N,Y,CN,Y,https://nutriciacareline.com.au/baby/subscription-newsletter.html ,N,N,
ANZ Aptamil OAT,https://qrb.aptamilessensis.com,Public prod,Ready,Ready,Ready,N,Y,CN,Y,https://nutriciacareline.com.au/baby/subscription-newsletter.html ,N,N,
ANZ Aptamil OAT,https://qrc.aptamilessensis.com,Public prod,Ready,Ready,Ready,N,Y,CN,Y,https://nutriciacareline.com.au/baby/subscription-newsletter.html ,N,N,
ANZ Aptamil OAT,https://qrs.aptamilessensis.com,Public prod,Ready,Ready,Ready,N,Y,CN,Y,https://nutriciacareline.com.au/baby/subscription-newsletter.html ,N,N,
ANZ Aptamil OAT,https://rolex-aptamil-oat-step4-au-prod-64.content.digital4danone.com.cn,Prod Tech,Ready,Ready,Ready,N,N,CN,,,,,
ANZ Aptamil OAT,https://qrt.aptamilessensis.com,Public prod,Ready,Ready,Ready,N,Y,CN,Y,https://nutriciacareline.com.au/baby/subscription-newsletter.html ,N,N,
ANZ Aptamil OAT,https://qra2.nutricia.com.au ,Public prod,Ready,Ready,Ready,N,N,EU,Y,https://nutriciacareline.com.au/baby/subscription-newsletter.html,N,N,
ANZ Aptamil OAT,https://qra2s.nutricia.com.au,Public prod,Ready,Ready,Ready,N,N,EU,Y,https://nutriciacareline.com.au/baby/subscription-newsletter.html,N,N,
ANZ Aptamil OAT,https://qra2t.nutricia.com.au,Public prod,Ready,Ready,Ready,Y,N,EU,N,https://nutriciacareline.com.au/baby/subscription-newsletter.html,Y,Y,
ANZ Aptamil OAT,https://qru.aptamilessensis.com,Public prod,Ready,Ready,Ready,Y,N,EU,N,https://nutriciacareline.com.au/baby/subscription-newsletter.html ,N,N,
ANZ Aptamil OAT,https://qrv.aptamilessensis.com,Public prod,Ready,Ready,Ready,N,Y,EU,N,https://nutriciacareline.com.au/baby/subscription-newsletter.html ,N,N,
ANZ Aptamil OAT,https://qrw.aptamilessensis.com,Public prod,Ready,Ready,Ready,N,Y,EU,N,https://nutriciacareline.com.au/baby/subscription-newsletter.html ,N,N,
ANZ Aptamil OAT,https://rolex-aptamiloatau-rc-64-eu.aem.digital4danone.com,RC,Ready,Ready,Ready,N,N,EU,N,,N,N,
ANZ Aptamil OAT,https://rolex-aptamil-anz-oat-staging-64.content.digital4danone.com.cn,Staging,Ready,Ready,Ready,N,Y,CN,N,,N,N,
ANZ Aptamil OAT,https://anzaptamiloat-staging.content.digital4danone.com.cn,Staging,Ready,Ready,Ready,N,N,CN,Y,,N,N,static page (content TBD)
ANZ Aptamil OAT,https://rolex-aptamil-anz-oat-staging-64.content.digital4danone.com,Staging,Ready,Ready,Ready,N,N,EU,N,,N,N,
ANZ Aptamil OAT,https://rolex-aptamiloatau-staging-64-eu.content.digital4danone.com,Staging,Ready,Ready,Ready,N,N,EU,N,,N,N,
ANZ Aptamil OAT,https://anzaptamiloat-step4-staging.content.digital4danone.com.cn,Staging,Ready,Ready,Ready,N,N,CN,,,,,
ANZ Aptamil Profutura,https://qru.aptamil-anz.com,Public prod,Ready,Ready,Ready,N,Y,CN,Y,,N,N,
ANZ Aptamil Profutura,https://qrw.aptamil-anz.com,Public prod,Ready,Ready,Ready,N,Y,CN,Y,,N,N,
ANZ Aptamil Profutura,https://rolex-aptamil-anz-pf-prod-64.content.digital4danone.com,Prod Tech,Ready,Ready,Not Ready,N,N,EU,N,,N,N,
ANZ Aptamil Profutura,https://rolex-aptamil-anz-pf-prod-64.content.digital4danone.com.cn,Prod Tech,Ready,Ready,Not Ready,N,N,CN,Y,,N,N,
ANZ Aptamil Profutura,https://rolex-aptamil-anz-pf-rc-64-eu.aem.digital4danone.com,RC,Ready,Ready,Ready,N,N,EU,N,,N,N,
ANZ Aptamil Profutura,https://rolex-aptamil-anz-pf-staging-64.content.digital4danone.com.cn,Staging,Ready,Ready,Ready,N,Y,CN,N,,N,N,
ANZ Aptamil Profutura,https://rolex-aptamil-anz-pf-staging-64.content.digital4danone.com,Staging,Ready,Ready,Ready,N,N,EU,N,,N,N,
ANZ Aptamil Pronutra,https://qrv.aptamil-anz.com,Public prod,Ready,Ready,Ready,N,Y,CN,Y,,N,N,
ANZ Happy Family Jet,https://qr.happybabyformula.nz,Public prod,Cancelled,Cancelled,Cancelled,N,N,EU,Y,https://www.danonenutricia.co.nz/,N,N,
ANZ Happy Family Jet,https://qrs.happybabyformula.nz,Public prod,Cancelled,Cancelled,Cancelled,N,N,EU,Y,https://www.danonenutricia.co.nz/,N,N,
ANZ Happy Family Jet,https://qrt.happybabyformula.nz,Public prod,Cancelled,Cancelled,Cancelled,N,N,EU,Y,https://www.danonenutricia.co.nz/,N,N,
ANZ Happy Family Jet,https://qru.happybabyformula.nz,Public prod,Cancelled,Cancelled,Cancelled,N,N,EU,Y,https://www.danonenutricia.co.nz/,N,N,
ANZ Happy Family Jet,https://qrv.happybabyformula.nz,Public prod,Cancelled,Cancelled,Cancelled,N,N,EU,Y,https://www.danonenutricia.co.nz/,N,N,
ANZ Happy Family Jet,https://qrw.happybabyformula.nz,Public prod,Cancelled,Cancelled,Cancelled,N,N,EU,Y,https://www.danonenutricia.co.nz/,N,N,
ANZ Happy Family Jet,https://rolex-happyfamilyjet-anz-prod-64.content.digital4danone.com,Prod Tech,Cancelled,Cancelled,Cancelled,N,N,EU,N,,N,N,
ANZ Happy Family Jet,https://rolex-happyfamilyjetanz-rc-64-eu.aem.digital4danone.com,RC,Cancelled,Cancelled,Cancelled,N,N,EU,N,,N,N,
ANZ Happy Family Jet,https://rolex-happyfamilyjetanz-staging-64-eu.content.digital4danone.com,Staging,Cancelled,Cancelled,Cancelled,N,N,EU,N,,N,N,
ANZ Karicare,https://qrkcs.nutricia.com.au,Public prod,Ready,Ready,Ready,N,N,EU,Y,https://nutriciacareline.com.au/baby/subscription-newsletter.html?utm_source=qr_code&utm_medium=qr&utm_campaign=kc_phase_1,N,N,
ANZ Karicare,https://qrkct.nutricia.com.au,Public prod,Ready,Ready,Ready,N,N,EU,Y,https://nutriciacareline.com.au/baby/subscription-newsletter.html?utm_source=qr_code&utm_medium=qr&utm_campaign=kc_phase_2,N,N,Redirect handled by CBU ; Configure the normal site
ANZ Karicare,https://qrkcv.nutricia.com.au,Public prod,Ready,Ready,Ready,N,N,EU,Y,,N,N,
ANZ Karicare,https://qrkc.nutricia.com.au,Public prod,Ready,Ready,Ready,Y,N,EU,N,https://nutriciacareline.com.au/baby/subscription-newsletter.html?utm_source=qr_code&utm_medium=qr&utm_campaign=kc_phase_2,Y,Y,
ANZ Karicare,https://qr.karicare-anz.com,Public prod,Ready,Ready,Ready,N,Y,CN,Y,,N,N,
ANZ Karicare,https://qrs.karicare-anz.com,Public prod,Ready,Ready,Ready,N,Y,CN,Y,Redirect to EU,N,N,
ANZ Karicare,https://qrv.karicare-anz.com,Public prod,Ready,Ready,Ready,N,Y,CN,Y,,N,N,
ANZ Karicare,https://qrw.karicare-anz.com,Public prod,Ready,Ready,Ready,N,Y,CN,Y,,N,N,
ANZ Karicare,https://rolex-karinourish-au-prod-64.content.digital4danone.com,Prod Tech,Ready,Ready,Not Ready,N,N,EU,N,,N,N,
ANZ Karicare,https://rolex-karinourish-au-prod-64.content.digital4danone.com.cn,Prod Tech,Ready,Ready,Not Ready,N,N,CN,N,,N,N,
ANZ Karicare,https://rolex-karinourishau-rc-64-eu.aem.digital4danone.com,RC,Ready,Ready,Not Ready,N,N,EU,N,,N,N,
ANZ Karicare,https://rolex-karinourishau-staging-64-eu.content.digital4danone.com,Staging,Ready,Ready,Not Ready,N,N,EU,N,,N,Y,
ANZ Karicare,https://rolex-karinourishau-staging-64-eu.content.digital4danone.com.cn,Staging,Ready,Ready,Not Ready,N,N,CN,N,,N,Y,
ANZ Karicare Organic,https://qrt.karicare-anz.com,Public prod,Ready,Ready,Ready,N,Y,CN,Y,,N,N,
ANZ Karicare Sheep,https://qru.karicare-anz.com,Public prod,Ready,Ready,Ready,N,Y,CN,Y,,N,N,
AT Aptamil Gum,https://qra.aptaclub-de.com,Public prod,Ready,Ready,Ready,Y,Y,CN,N,https://www.aptaclub.at/aptamil-produkte/milchnahrung.html,Y,N,
AT Aptamil Gum,https://qrc.aptaclub-de.com,Public prod,Ready,Ready,Ready,N,Y,CN,N,https://www.aptaclub.at/aptamil-produkte/milchnahrung.html,,,
Baltics Aptamil,https://qrt.aptaclub.eu,Public prod,Ready,Ready,Ready,N,N,EU,N,,,,
Baltics Aptamil,https://qru.aptaclub.eu,Public prod,Ready,Ready,Ready,N,N,EU,N,,,,
Baltics Aptamil,https://qrv.aptaclub.eu,Public prod,Ready,Ready,Ready,N,N,EU,N,,,,
Baltics Aptamil,https://qrw.aptaclub.eu,Public prod,Ready,Ready,Ready,N,N,EU,N,,,,
Baltics Aptamil,https://qrx.aptaclub.eu,Public prod,Ready,Ready,Ready,N,N,EU,N,,,,
Baltics Aptamil,https://qry.aptaclub.eu,Public prod,Ready,Ready,Ready,N,N,EU,N,,,,
Baltics Aptamil,https://qrz.aptaclub.eu,Public prod,Ready,Ready,Ready,N,N,EU,N,,,,
CAMB Aptamil,https://rolex-aptamilcamb-rc-64-eu.aem.digital4danone.com,RC,Ready,Ready,Not ready,N,N,EU,N,,,,
CAMB Aptamil,https://rolex-aptamil-camb-staging-64-eu.content.digital4danone.com,Staging,Ready,Ready,Not ready,N,N,EU,N,,,,
CN Aptamil,https://qr.aptamil.com.cn,Public prod,Ready,Ready,Ready,Y,N,CN,N,,Y,Y,
CN Aptamil,https://qrs.aptamil.com.cn,Public prod,Ready,Ready,Ready,Y,N,CN,N,,Y,Y,
CN Aptamil,https://qrt.aptamil.com.cn,Public prod,Ready,Ready,Ready,Y,N,CN,N,,Y,Y,
CN Aptamil,https://qrv.aptamil.com.cn,Public prod,Ready,Ready,Ready,Y,N,CN,N,,Y,Y,
CN Aptamil,https://tr.aptamil.com.cn,Public prod,Ready,Ready,Ready,Y,N,CN,N,Done locally,Y,Y,"Redirect handled by CBU, to a wechat page"
CN Aptamil,https://rolex-aptamil-cn-prod-64.content.digital4danone.com,Prod Tech,Ready,Ready,Ready,N,N,EU,N,,N,N,
CN Aptamil,https://rolex-aptamil-cn-prod-64.content.digital4danone.com.cn,Prod Tech,Ready,Ready,Ready,N,N,CN,N,,N,N,
CN Aptamil,https://rolex-aptamilcn-rc-64-eu.aem.digital4danone.com,RC,Ready,Ready,Ready,N,N,EU,N,,N,N,
CN Aptamil,https://rolex-aptamilcn-staging-64.content.digital4danone.com.cn,Staging,Ready,Ready,Ready,N,N,CN,N,,N,N,
CN Aptamil,https://qr-staging-64.aptamil.com.cn,Staging,Ready,Ready,Ready,N,N,CN,N,,N,Y,
CN Aptamil,https://qr-staging-lingyun.aptamil.com.cn,Staging,Ready,Ready,Ready,N,N,CN,N,,N,Y,
CN Aptamil Platinum,https://qru.aptamil.com.cn,Public prod,Ready,Ready,Ready,N,N,CN,Y,,Y,Y,
CN Aptamil Platinum,https://qrw.aptamil.com.cn,Public prod,Ready,Ready,Ready,N,N,CN,N,,Y,Y,
CN Aptamil Platinum,https://qrx.aptamil.com.cn,Public prod,Ready,Ready,Ready,N,N,CN,N,,Y,Y,
CN Aptamil Platinum,https://rolex-aptamil-cn-platinum-prod-64.content.digital4danone.com.cn,Prod Tech,Ready,Ready,Ready,N,N,CN,N,,N,N,
CN Aptamil Platinum,https://rolex-aptamilcnplatinum-rc-64-eu.aem.digital4danone.com,RC,Ready,Ready,Ready,N,N,EU,N,,N,N,
CN Aptamil Platinum,https://rolex-aptamilcnplatinum-staging-64.content.digital4danone.com.cn,Staging,Ready,Ready,Ready,N,N,CN,N,,N,N,
CN Nutriblis,https://qra.nutrilonholland.com.cn,Public prod,Ready,Ready,Not ready,N,N,CN,Y,,N,N,
CN Nutriblis,https://qrb.nutrilonholland.com.cn,Public prod,Ready,Ready,Not ready,N,N,CN,Y,,N,N,
CN Nutriblis,https://qrc.nutrilonholland.com.cn,Public prod,Ready,Ready,Not ready,N,N,CN,Y,,N,N,
CN Nutriblis,https://qrd.nutrilonholland.com.cn,Public prod,Ready,Ready,Not ready,N,N,CN,Y,,N,N,
CN Nutriblis,https://qre.nutrilonholland.com.cn,Public prod,Ready,Ready,Not ready,N,N,CN,Y,,N,N,
CN Nutriblis,https://rolex-nutriblis-cn-prod-64.content.digital4danone.com.cn,Prod Tech,Ready,Ready,Not ready,N,N,CN,N,,,,
CN Nutriblis,https://rolex-nutribliscn-rc-64-eu.aem.digital4danone.com,RC,Ready,Ready,Ready,N,N,EU,N,,,,
CN Nutriblis,https://rolex-nutriblis-cn-staging-64.content.digital4danone.com.cn,Staging,Ready,Ready,Ready,N,N,CN,N,,,,
CN Nutriblis,https://rolex-nutriblis-cn-step4-prod-64.content.digital4danone.com.cn,Prod Tech,Ready,Ready,Not ready,N,N,CN,N,,,,
CN Nutriblis,https://rolex-nutribliscn-step4-rc-64-eu.aem.digital4danone.com,RC,Ready,Ready,Not ready,N,N,EU,N,,,,
CN Nutriblis,https://rolex-nutriblis-cn-step4-staging-64.content.digital4danone.com.cn,Staging,Ready,Ready,Not ready,N,N,CN,N,,,,
CN Nutrilon,https://tr.nutrilonholland.com.cn,Public prod,Ready,Ready,Ready,N,N,CN,Y,Done locally from DNS,Y,N,
CN Nutrilon,https://qr.nutrilonholland.com.cn,Public prod,Ready,Ready,Ready,Y,N,CN,N,,Y,N,
CN Nutrilon,https://qrt.nutrilonholland.com.cn,Public prod,Ready,Ready,Ready,Y,N,CN,Y,Done locally from DNS,Y,N,
CN Nutrilon,https://qrv.nutrilonholland.com.cn,Public prod,Ready,Ready,Ready,Y,N,CN,N,,Y,N,
CN Nutrilon,https://rolex-nutrilon-cn-prod-64.content.digital4danone.com.cn,Prod Tech,Ready,Ready,Ready,N,N,CN,N,,N,N,
CN Nutrilon,https://rolex-nutriloncn-rc-64-eu.aem.digital4danone.com,RC,Ready,Ready,Ready,N,N,EU,N,,N,N,
CN Nutrilon,https://rolex-nutriloncn-staging-64.content.digital4danone.com.cn,Staging,Ready,Ready,Ready,N,N,CN,N,,N,N,
CN Nutrilon,https://rolex-nutriloncn-perf-staging-64.content.digital4danone.com.cn,Staging,Ready,Ready,Ready,N,N,CN,N,,N,N,
CN Nutrilon,https://qr-staging-64.nutrilonholland.com.cn,Staging,Ready,Ready,Ready,N,N,CN,N,,N,Y,
CN Nutrilon,https://qr-staging-lingyun.nutrilonholland.com.cn,Staging,Ready,Ready,Ready,N,N,CN,N,,N,Y,With Lingyun CDN
CN Nutrilon TIN,https://qru.nutrilonholland.com.cn,Public prod,Ready,Ready,Ready,N,N,CN,N,,Y,N,
CN Nutrilon TIN,https://qrw.nutrilonholland.com.cn,Public prod,Ready,Ready,Ready,N,N,CN,N,,Y,N,
CN Nutrilon TIN,https://qrx.nutrilonholland.com.cn,Public prod,Ready,Ready,Ready,N,N,CN,N,,Y,N,
CN Nutrilon TIN,https://rolex-nutriloncntin-staging-64.content.digital4danone.com.cn,Staging,Ready,Ready,Ready,N,N,CN,,,,,
CN Nutrilon TIN,https://rolex-nutrilon-cn-tin-prod-64.content.digital4danone.com.cn,Staging,Not Ready,Ready,Not ready,N,N,CN,,,,,
DE Aptamil,https://qrt.aptaclub.de,Public prod,Ready,Ready,Ready,N,N,EU,Y,https://www.aptaclub.de/?utm_source=qr_code&utm_medium=qr&utm_campaign=aptamil_qr_phase_2,Y,N,
DE Aptamil,https://qrv.aptaclub.de,Public prod,Ready,Ready,Ready,N,N,EU,Y,https://www.aptaclub.de/?utm_source=qr_code&utm_medium=qr&utm_campaign=aptamil_qr_phase_2,Y,Y,
DE Aptamil,https://qrw.aptaclub.de,Public prod,Ready,Ready,Ready,N,N,EU,Y,https://www.aptaclub.de/?utm_source=qr_code&utm_medium=qr&utm_campaign=aptamil_qr_phase_2,Y,N,
DE Aptamil,https://qrx.aptaclub.de,Public prod,Ready,Ready,Ready,N,N,EU,Y,https://www.aptaclub.de/?utm_source=qr_code&utm_medium=qr&utm_campaign=aptamil_qr_phase_2,Y,N,
DE Aptamil,https://qr.aptaclub-de.com,Public prod,Ready,Ready,Ready,Y,Y,CN,Y,,N,N,
DE Aptamil,https://qrv.aptaclub-de.com,Public prod,Ready,Ready,Ready,N,Y,CN,Y,,N,N,
DE Aptamil,https://qr.aptaclub.de,Public prod,Ready,Ready,Ready,Y,N,EU,N,https://www.aptaclub.de/?utm_source=qr_code&utm_medium=qr&utm_campaign=aptamil_qr_phase_2,Y,N,
DE Aptamil,https://qrc.aptaclub.de,Public prod,Ready,Ready,Ready,N,N,EU,N,https://www.aptaclub.de/,Y,N,
DE Aptamil,https://qrd.aptaclub.de,Public prod,Ready,Ready,Ready,N,N,EU,N,https://www.aptaclub.de/,Y,N,
DE Aptamil,https://qre.aptaclub.de,Public prod,Ready,Ready,Ready,N,N,EU,N,,N,N,
DE Aptamil,https://qro.aptaclub-de.com,Public prod,Ready,Ready,Ready,Y,Y,CN,N,,Y,N,
DE Aptamil,https://qrt.aptaclub-de.com,Public prod,Ready,Ready,Ready,Y,Y,CN,N,,Y,N,
DE Aptamil,https://qrw.aptaclub-de.com,Public prod,Ready,Ready,Ready,Y,Y,CN,N,,Y,N,
DE Aptamil,https://aptaclubde.digital4danone.com.cn,Prod Tech,Ready,Ready,Ready,N,N,CN,N,https://aptaclubde.digital4danone.com.cn/simplepage.html,N,N,simplepage.html is the HTML of aptaclub.de
DE Aptamil,https://rolex-aptamil-de-prod-64.content.digital4danone.com,Prod Tech,Ready,Ready,Ready,N,N,EU,N,,N,N,
DE Aptamil,https://rolex-aptamil-de-prod-64-cn.content.digital4danone.com.cn,Prod Tech,Ready,Ready,Ready,N,N,CN,N,,N,N,
DE Aptamil,https://rolex-aptamilde-rc-64-eu.aem.digital4danone.com,RC,Ready,Ready,Ready,N,N,EU,N,,N,N,
DE Aptamil,https://rolex-aptamilde-staging-64-eu.content.digital4danone.com,Staging,Ready,Ready,Ready,N,N,EU,N,,N,Y,
DE Aptamil,https://aptaclubde-staging.digital4danone.com.cn,Staging,Ready,Ready,Ready,N,N,CN,N,,N,N,Not the rolex experience ! Only static HTML
DE Aptamil,https://rolex-aptamilde-staging-64-cn.content.digital4danone.com.cn ,Staging,Ready,Ready,Ready,N,Y,CN,N,https://aptaclubde-staging.digital4danone.com.cn/simplepage.html,N,N,simplepage.html is the HTML of aptaclub.de
DE Aptamil APF,https://rolex-aptamil-de-apf-prod-64.content.digital4danone.com,Prod Tech,Ready,Ready,Not ready,N,N,EU,N,,,,
DE Aptamil APF,https://rolex-aptamil-de-apf-prod-64-cn.content.digital4danone.com.cn,Prod Tech,Ready,Ready,Not ready,N,N,CN,N,,,,
DE Aptamil APF,https://rolex-aptamilde-apf-rc-64-eu.aem.digital4danone.com,RC,Ready,Ready,Not ready,N,N,EU,N,,,,
DE Aptamil APF,https://rolex-aptamilde-apf-staging-64-eu.content.digital4danone.com,Staging,Ready,Ready,Not ready,N,N,EU,N,,,,
DE Aptamil APF,https://rolex-aptamilde-apf-staging-64-cn.content.digital4danone.com.cn ,Staging,Ready,Ready,Not ready,N,N,CN,N,,,,
DE Aptamil HA,https://qrb.aptaclub.de,Public prod,Ready,Ready,Ready,Y,N,EU,N,https://www.aptaclub.de/,Y,N,
DE Aptamil Organic,https://qra.aptaclub.de,Public prod,Ready,Ready,Ready,Y,N,EU,N,https://www.aptaclub.de/,Y,N,
DE Aptamil Organic,https://rolex-aptamil-de-organic-prod-64.content.digital4danone.com,Prod Tech,Ready,Ready,Ready,N,N,EU,N,,N,N,
DE Aptamil Organic,https://rolex-aptamil-de-organic-prod-64.content.digital4danone.com.cn,Prod Tech,Ready,Ready,Not ready,N,N,CN,N,,N,N,
DE Aptamil Organic,https://rolex-aptamilde-organic-rc-64-eu.aem.digital4danone.com,RC,Ready,Ready,Ready,N,N,EU,N,,N,N,
DE Aptamil Organic,https://rolex-aptamilde-organic-staging-64-eu.content.digital4danone.com,Staging,Ready,Ready,Ready,N,N,EU,N,,N,N,
DE Aptamil Organic,https://rolex-aptamilde-organic-staging-64-cn.content.digital4danone.com.cn ,Staging,Ready,Ready,Ready,N,N,CN,N,,N,N,
DE Aptamil Profutura,https://qrb.aptaclub-de.com,Public prod,Ready,Ready,Ready,Y,Y,CN,N,https://www.aptaclub.de/aptamil-produkte/neuheiten.html,Y,N,
DE Aptamil Profutura,https://qrd.aptaclub-de.com,Public prod,Ready,Ready,Ready,N,Y,CN,,https://www.aptaclub.de/aptamil-produkte/neuheiten.html,,,
ES Almiron,https://qrs.almiclub.es,Public prod,Ready,Ready,Ready,N,N,EU,Y,https://nuevasformulasalmiron.almiclub.es/,N,N,
ES Almiron,https://qrt.almiclub.es,Public prod,Ready,Ready,Ready,Y,N,EU,Y,https://nuevasformulasalmiron.almiclub.es/,N,N,
ES Almiron,https://qrv.almiclub.es,Public prod,Ready,Ready,Ready,N,N,EU,Y,https://nuevasformulasalmiron.almiclub.es/,N,N,
ES Almiron,https://qrw.almiclub.es,Public prod,Ready,Ready,Ready,N,N,EU,Y,https://nuevasformulasalmiron.almiclub.es/,N,N,
ES Almiron,https://qrx.almiclub.es,Public prod,Ready,Ready,Ready,N,N,EU,Y,https://nuevasformulasalmiron.almiclub.es/,N,N,
ES Almiron,https://rolex-almiron-es-prod-64.content.digital4danone.com,Prod Tech,Ready,Ready,Ready,N,N,EU,N,,,,
ES Almiron,https://rolex-almirones-rc-64-eu.aem.digital4danone.com,RC,Ready,Ready,Ready,N,N,EU,N,,,,
ES Almiron,https://rolex-almiron-es-staging-64-eu.content.digital4danone.com,Staging,Ready,Ready,Ready,N,N,EU,N,,,,
FR Bledina,https://qr.bledina.com,Public prod,Ready,Ready,Ready,N,N,EU,Y,https://www.bledina.com/lait-infantile-bebe/?utm_source=Pack&utm_medium=QRCode&utm_campaign=Security_features&utm_content=scan,Y,N,
FR Bledina,https://qrs.bledina.com,Public prod,Ready,Ready,Ready,N,N,EU,Y,https://www.bledina.com/lait-infantile-bebe/?utm_source=Pack&utm_medium=QRCode&utm_campaign=Security_features&utm_content=scan,Y,N,
FR Bledina,https://qrt.bledina.com,Public prod,Ready,Ready,Ready,Y,N,EU,N,https://www.bledina.com/lait-infantile-bebe/?utm_source=Pack&utm_medium=QRCode&utm_campaign=Security_features&utm_content=scan,Y,Y,
FR Bledina,https://rolex-bledina-fr-prod-64.content.digital4danone.com,Prod Tech,Ready,Ready,Ready,N,N,EU,N,,N,N,
FR Bledina,https://rolex-bledinafr-rc-64-eu.aem.digital4danone.com,RC,Ready,Ready,Ready,N,N,EU,N,,N,N,
FR Bledina,https://rolex-bledinafr-staging-64-eu.content.digital4danone.com,Staging,Ready,Ready,Ready,N,N,EU,N,,N,Y,
FR Gallia,https://qr.laboratoire-gallia.com,Public prod,Ready,Ready,Ready,N,N,EU,N,https://www.laboratoire-gallia.com/nos-engagements/?utm_source=Pack&utm_medium=QRCode&utm_campaign=Security_features&utm_content=scan,Y,N,
FR Gallia,https://qrs.laboratoire-gallia.com,Public prod,Ready,Ready,Ready,N,N,EU,Y,https://www.laboratoire-gallia.com/nos-engagements/?utm_source=Pack&utm_medium=QRCode&utm_campaign=Security_features&utm_content=scan,Y,N,
FR Gallia,https://qru.laboratoire-gallia.com,Public prod,Ready,Ready,Ready,N,N,EU,Y,https://www.laboratoire-gallia.com/nos-engagements/?utm_source=Pack&utm_medium=QRCode&utm_campaign=Security_features&utm_content=scan,Y,N,
FR Gallia,https://qrw.laboratoire-gallia.com,Public prod,Ready,Ready,Ready,N,N,EU,Y,https://www.laboratoire-gallia.com/nos-engagements/?utm_source=Pack&utm_medium=QRCode&utm_campaign=Security_features&utm_content=scan,Y,N,
FR Gallia,https://qrx.laboratoire-gallia.com,Public prod,Ready,Ready,Ready,N,N,EU,Y,https://www.laboratoire-gallia.com/nos-engagements/?utm_source=Pack&utm_medium=QRCode&utm_campaign=Security_features&utm_content=scan,Y,N,
FR Gallia,https://qrt.laboratoire-gallia.com,Public prod,Ready,Ready,Ready,Y,N,EU,N,https://www.laboratoire-gallia.com/nos-engagements/?utm_source=Pack&utm_medium=QRCode&utm_campaign=Security_features&utm_content=scan,Y,Y,
FR Gallia,https://rolex-gallia-fr-prod-64.content.digital4danone.com,Prod Tech,Ready,Ready,Ready,N,N,EU,N,,N,N,
FR Gallia,https://rolex-galliafr-rc-64-eu.aem.digital4danone.com,RC,Ready,Ready,Ready,N,N,EU,N,,N,N,
FR Gallia,https://rolex-galliafr-staging-64-eu.content.digital4danone.com,Staging,Ready,Ready,Ready,N,N,EU,N,,N,Y,
GR Almiron,https://qrt.nutricia.gr,Public prod,Ready,Ready,Ready,N,N,EU,Y,https://www.nutricia.gr,,,
GR Almiron,https://qru.nutricia.gr,Public prod,Ready,Ready,Ready,N,N,EU,Y,https://www.nutricia.gr,,,
GR Almiron,https://qrv.nutricia.gr,Public prod,Ready,Ready,Ready,N,N,EU,Y,https://www.nutricia.gr,,,
GR Almiron,https://qrw.nutricia.gr,Public prod,Ready,Ready,Ready,N,N,EU,Y,https://www.nutricia.gr,,,
GR Almiron,https://qrx.nutricia.gr,Public prod,Ready,Ready,Ready,N,N,EU,Y,https://www.nutricia.gr,,,
GR Almiron,https://qry.nutricia.gr,Public prod,Ready,Ready,Ready,N,N,EU,Y,https://www.nutricia.gr,,,
GR Almiron,https://qrz.nutricia.gr,Public prod,Ready,Ready,Ready,N,N,EU,Y,https://www.nutricia.gr,,,
GR Almiron,https://rolex-almiron-gr-prod-64.content.digital4danone.com,Prod Tech,Ready,Ready,Ready,N,N,EU,N,,,,
GR Almiron,https://rolex-almirongr-rc-64-eu.aem.digital4danone.com,RC,Ready,Ready,Ready,N,N,EU,N,,,,
GR Almiron,https://rolex-almiron-gr-staging-64-eu.content.digital4danone.com,Staging,Ready,Ready,Ready,N,N,EU,N,,,,
HK Aptamil,https://qr.apta.com.hk ,Public prod,Ready,Ready,Ready,Y,N,EU,Y,https://www.apta.com.hk/tc/our_products/?utm_medium=other&utm_source=qrcode&utm_campaign=Product+Package,N,Y,
HK Aptamil,https://qrd.apta.com.hk,Public prod,Ready,Ready,Ready,N,N,EU,N,https://www.apta.com.hk/tc/our_products/?utm_medium=other&utm_source=qrcode&utm_campaign=Product+Package,N,N,
HK Aptamil,https://qrg.apta.com.hk,Public prod,Ready,Ready,Ready,N,N,EU,Y,https://www.apta.com.hk/tc/our_products/?utm_medium=other&utm_source=qrcode&utm_campaign=Product+Package,N,N,
HK Aptamil,https://qrf.apta.com.hk,Public prod,Ready,Ready,Ready,Y,N,EU,N,https://www.apta.com.hk/tc/our_products/?utm_medium=other&utm_source=qrcode&utm_campaign=Product+Package,Y,N,
HK Aptamil,https://qrz.aptamilessensis.com,Public prod,Ready,Ready,Ready,N,Y,CN,Y,,N,N,
HK Aptamil,https://rolex-aptamil-hk-prod-64.content.digital4danone.com,Prod Tech,Ready,Ready,Ready,N,N,EU,N,,N,N,
HK Aptamil,https://rolex-aptamil-hk-prod-64.content.digital4danone.com.cn,Prod Tech,Not Ready,Not Ready,Not Ready,N,N,CN,N,,,,
HK Aptamil,https://rolex-nutriciaprogramhk-rc-64-eu.aem.digital4danone.com,RC,Ready,Ready,Ready,N,N,EU,N,,N,N,
HK Aptamil,https://rolex-nutriciaprogramhk-staging-64-eu.content.digital4danone.com,Staging,Ready,Ready,Ready,N,N,EU,N,,N,Y,
HK Aptamil HMO,https://qrd.aptamilessensis.com,Public prod,Ready,Ready,Ready,N,Y,CN,Y,https://www.apta.com.hk/our-products.html,N,N,
HK Aptamil HMO,https://qre.aptamilessensis.com,Public prod,Ready,Ready,Ready,N,Y,CN,Y,https://www.apta.com.hk/our-products.html,N,N,
HK Aptamil HMO,https://qrx.aptamilessensis.com,Public prod,Ready,Ready,Ready,N,Y,CN,Y,,N,N,
HK Aptamil HMO,https://rolex-aptamilhk-hmo-prod-64.content.digital4danone.com,Prod Tech,Ready,Ready,Not Ready,N,N,EU,N,,,,
HK Aptamil HMO,https://rolex-aptamilhkhmo-rc-64-eu.aem.digital4danone.com,RC,Ready,Ready,Ready,N,N,EU,N,,,,
HK Aptamil HMO,https://rolex-aptamilhk-hmo-staging-64.content.digital4danone.com,Staging,Ready,Ready,Not Ready,N,N,EU,N,,,,
HK Aptamil HMO,https://rolex-aptamilhk-hmo-prod-64.content.digital4danone.com.cn,Prod Tech,Not Ready,Ready,Not Ready,N,N,CN,,,,,
HK Aptamil HMO,https://rolex-aptamilhk-hmo-staging-64.content.digital4danone.com.cn,Staging,Ready,Ready,Not Ready,N,N,CN,N,,,,
HK Aptamil PHP,https://qrf.aptamilessensis.com,Public prod,Ready,Ready,Ready,N,Y,CN,Y,https://www.apta.com.hk/our-products.html,N,N,
HK Aptamil PHP,https://qrg.aptamilessensis.com,Public prod,Ready,Ready,Ready,N,Y,CN,Y,https://www.apta.com.hk/our-products.html,N,N,
HK Aptamil PHP,https://qry.aptamilessensis.com,Public prod,Ready,Ready,Ready,N,Y,CN,Y,,N,N,
HK Aptamil PHP,https://rolex-aptamilhk-php-prod-64.content.digital4danone.com,Prod Tech,Ready,Ready,Not Ready,N,N,EU,N,,,,
HK Aptamil PHP,https://rolex-aptamilhkphp-rc-64-eu.aem.digital4danone.com,RC,Ready,Ready,Ready,N,N,EU,N,,,,
HK Aptamil PHP,https://rolex-aptamilhk-php-staging-64.content.digital4danone.com,Staging,Ready,Ready,Not Ready,N,N,EU,N,,,,
HK Aptamil PHP,https://rolex-aptamilhk-php-prod-64.content.digital4danone.com.cn,Prod Tech,Not Ready,Ready,Not Ready,N,N,CN,N,,,,
HK Aptamil PHP,https://rolex-aptamilhk-php-staging-64.content.digital4danone.com.cn,Staging,Ready,Ready,Not Ready,N,N,CN,N,,,,
HK Aptamil Synbio,https://aptamilhk.content.digital4danone.com.cn  ,Public prod,Ready,Ready,Ready,N,N,CN,N,,N,N,simplepage.html (content of : https://www.apta.com.hk/our-products.html )
HK Aptamil Synbio,https://qr.aptamil-hk.com,Public prod,Ready,Ready,Ready,N,Y,CN,Y,,N,N,
HK Aptamil Synbio,https://qrs.aptamil-hk.com,Public prod,Ready,Ready,Ready,N,Y,CN,Y,,N,N,
HK Aptamil Synbio,https://qrt.aptamil-hk.com,Public prod,Ready,Ready,Ready,N,Y,CN,Y,,N,N,
HK Aptamil Synbio,https://qru.aptamil-hk.com,Public prod,Ready,Ready,Ready,N,Y,CN,Y,,N,N,
HK Aptamil Synbio,https://qrv.aptamil-hk.com,Public prod,Ready,Ready,Ready,N,Y,CN,Y,,N,N,
HK Aptamil Synbio,https://qrw.aptamil-hk.com,Public prod,Ready,Ready,Ready,N,Y,CN,Y,,N,N,
HK Aptamil Synbio,https://rolex-aptamilhk-synbio-prod-64.content.digital4danone.com,Prod Tech,Ready,Ready,Ready,N,N,EU,N,,N,N,
HK Aptamil Synbio,https://rolex-aptamilhk-synbio-prod-64-cn.content.digital4danone.com.cn,Prod Tech,Ready,Ready,Ready,N,N,CN,N,,N,N,
HK Aptamil Synbio,https://rolex-aptamilhksynbio-rc-64-eu.aem.digital4danone.com,RC,Ready,Ready,Ready,N,N,CN,N,,N,N,
HK Aptamil Synbio,https://rolex-aptamilhk-synbio-staging-64.content.digital4danone.com,Staging,Ready,Ready,Ready,N,N,EU,N,,N,N,
HK Aptamil Synbio,https://aptamilhk-staging.content.digital4danone.com.cn  ,Staging,Ready,Ready,Ready,N,N,CN,N,,N,N,simplepage.html (content of : https://www.apta.com.hk/our-products.html )
HK Aptamil Synbio,https://rolex-aptamilhk-synbio-staging-64-cn.content.digital4danone.com.cn,Staging,Ready,Ready,Ready,N,Y,CN,N,,N,Y,
HK C&G,https://cowandgatehk.content.digital4danone.com.cn,Public prod,Ready,Ready,Ready,N,N,CN,N,,N,N,Content of https://www.cghappykids.com.hk/all-products.html
HK C&G,https://qr.cowgate-hk.com,Public prod,Ready,Ready,Ready,N,Y,CN,Y,,N,N,
HK C&G,https://qrs.cowgate-hk.com,Public prod,Ready,Ready,Ready,N,Y,CN,Y,,N,N,
HK C&G,https://qrt.cowgate-hk.com,Public prod,Ready,Ready,Ready,N,Y,CN,Y,https://www.cghappykids.com.hk/all-products.html,N,N,
HK C&G,https://qr.cghappykids.com.hk ,Public prod,Ready,Ready,Ready,N,N,EU,Y,https://www.cghappykids.com.hk/all-products.html,N,N,
HK C&G,https://qrs.cghappykids.com.hk,Public prod,Ready,Ready,Ready,N,N,EU,Y,https://www.cghappykids.com.hk/all-products.html,N,N,
HK C&G,https://qrt.cghappykids.com.hk,Public prod,Ready,Ready,Ready,N,N,EU,Y,https://www.cghappykids.com.hk/all-products.html,N,N,
HK C&G,https://qru.cowgate-hk.com,Public prod,Ready,Ready,Ready,N,Y,CN,Y,,N,N,
HK C&G,https://qrv.cowgate-hk.com,Public prod,Ready,Ready,Ready,N,Y,CN,Y,,N,N,
HK C&G,https://qrw.cowgate-hk.com,Public prod,Ready,Ready,Ready,N,Y,CN,Y,,N,N,
HK C&G,https://rolex-cowandgate-hk-prod-64.content.digital4danone.com,Prod Tech,Ready,Ready,Ready,N,N,EU,N,,N,N,
HK C&G,https://rolex-cowandgate-hk-prod-64.content.digital4danone.com.cn,Prod Tech,Ready,Ready,Ready,N,N,CN,Y,,N,N,
HK C&G,https://rolex-cowandgatehk-rc-64-eu.aem.digital4danone.com,RC,Ready,Ready,Ready,N,N,EU,N,,N,N,
HK C&G,https://rolex-cowandgatehk-staging-64-eu.content.digital4danone.com,Staging,Ready,Ready,Ready,N,N,EU,N,,N,Y,
HK C&G,https://cowandgatehk-staging.content.digital4danone.com.cn,Staging,Ready,Ready,Ready,N,N,CN,N,,N,N,Content of https://www.cghappykids.com.hk/all-products.html
HK C&G,https://rolex-cowandgatehk-staging-64.content.digital4danone.com.cn,Staging,Ready,Ready,Ready,N,Y,CN,N,,N,N,
HK Nutrilon,https://rolex-nutrilonhk-rc-64-eu.aem.digital4danone.com,RC,Ready,Ready,Ready,N,N,EU,N,,N,N,
HK Nutrilon,https://rolex-nutrilonhk-staging-64-eu.content.digital4danone.com,Staging,Ready,Ready,Ready,N,N,EU,N,,N,Y,
HK Nutrilon Organic,https://rolex-nutrilon-hk-organic-prod-64.content.digital4danone.com,Prod Tech,Ready,Ready,Not ready,N,,EU,,,,,
HK Nutrilon Organic,https://rolex-nutrilon-hk-organic-prod-64-cn.content.digital4danone.com.cn,Prod Tech,Ready,Ready,Not ready,N,,CN,,,,,
HK Nutrilon Organic,https://rolex-nutrilon-hk-organic-staging-64.content.digital4danone.com,Staging,Ready,Ready,Not ready,N,,EU,,,,,
HK Nutrilon Organic,https://rolex-nutrilon-hk-organic-staging-64.content.digital4danone.com.cn,Staging,Ready,Ready,Not ready,N,,CN,,,,,
HK Nutrilon Organic,https://rolex-nutrilonhk-organic-rc-64-eu.aem.digital4danone.com,RC,Ready,Ready,Not ready,N,,EU,,,,,
HK Nutrilon ThinkGreen,https://nutrilonhk.content.digital4danone.com.cn,Public prod,Ready,Ready,Ready,N,N,CN,Y,https://nutrilonhk.digital4danone.com.cn/simplepage.html,N,N,
HK Nutrilon ThinkGreen,https://qr.nutrilon-hk.com,Public prod,Ready,Ready,Ready,N,Y,CN,Y,"EU: http://www.nutriciaeln.com.hk/product-3
CN: https://nutrilonhk.digital4danone.com.cn/simplepage.html",N,N,
HK Nutrilon ThinkGreen,https://qrs.nutrilon-hk.com,Public prod,Ready,Ready,Ready,N,Y,CN,Y,"EU: http://www.nutriciaeln.com.hk/product-3
CN: https://nutrilonhk.digital4danone.com.cn/simplepage.html",N,N,
HK Nutrilon ThinkGreen,https://qrt.nutriciaeln.com.hk,Public prod,Ready,Ready,Ready,N,N,EU,Y,http://www.nutriciaeln.com.hk,N,N,
HK Nutrilon ThinkGreen,https://qru.nutrilon-hk.com,Public prod,Ready,Ready,Ready,N,Y,CN,Y,"EU: http://www.nutriciaeln.com.hk/product-3
CN: https://nutrilonhk.digital4danone.com.cn/simplepage.html",N,N,
HK Nutrilon ThinkGreen,https://qr.nutriciaeln.com.hk,Public prod,Ready,Ready,Ready,Y,N,EU,N,http://www.nutriciaeln.com.hk,Y,N,
HK Nutrilon ThinkGreen,https://qrv.nutrilon-hk.com,Public prod,Ready,Ready,Ready,N,Y,CN,Y,"EU: http://www.nutriciaeln.com.hk/product-3
CN: https://nutrilonhk.digital4danone.com.cn/simplepage.html",N,N,
HK Nutrilon ThinkGreen,https://qrw.nutrilon-hk.com,Public prod,Ready,Ready,Ready,N,Y,CN,Y,"EU: http://www.nutriciaeln.com.hk/product-3
CN: https://nutrilonhk.digital4danone.com.cn/simplepage.html",N,N,
HK Nutrilon ThinkGreen,https://qrt.nutrilon-hk.com,Public prod,Ready,Ready,Ready,Y,Y,CN,Y,https://www.nutri-baby.com.hk,N,N,
HK Nutrilon thinkGreen,https://rolex-nutrilon-hk-prod-64.content.digital4danone.com,Prod Tech,Ready,Ready,Ready,N,N,EU,N,,N,N,
HK Nutrilon ThinkGreen,https://rolex-nutrilon-hk-thinkgreen-prod-64.content.digital4danone.com,Prod Tech,Ready,Ready,Ready,N,N,EU,N,,N,N,
HK Nutrilon ThinkGreen,https://rolex-nutrilon-hk-thinkgreen-prod-64-cn.content.digital4danone.com.cn,Prod Tech,Ready,Ready,Ready,N,N,CN,N,,N,N,
HK Nutrilon ThinkGreen,https://rolex-nutrilonhk-thinkgreen-staging-64.content.digital4danone.com,Staging,Ready,Ready,Ready,N,N,EU,N,,N,N,
HK Nutrilon ThinkGreen,https://nutrilonhk-staging.content.digital4danone.com.cn,Staging,Ready,Ready,Ready,N,N,CN,Y,https://nutrilonhk.digital4danone.com.cn/simplepage.html,N,N,
HK Nutrilon ThinkGreen,https://rolex-nutrilonhk-thinkgreen-staging-64-cn.content.digital4danone.com.cn,Staging,Ready,Ready,Ready,N,Y,CN,N,,N,Y,
IT Aptamil,https://qr.aptaclub.it,Public prod,Ready,Not ready,Not ready,N,N,EU,Y,https://www.aptaclub.it/?utm_source=rlx&utm_medium=qr&utm_campaign=st_3,N,N,
IT Aptamil,https://qrs.aptaclub.it,Public prod,Ready,Not ready,Not ready,N,N,EU,Y,https://www.aptaclub.it/?utm_source=rlx&utm_medium=qr&utm_campaign=st_1,N,N,
IT Aptamil,https://qrt.aptaclub.it ,Public prod,Ready,Ready,Ready,N,N,EU,Y,http://www.aptaclub.it/,,,
IT Aptamil,https://qru.aptaclub.it ,Public prod,Ready,Ready,Ready,N,N,EU,Y,http://www.aptaclub.it/,,,
IT Aptamil,https://qrv.aptaclub.it ,Public prod,Ready,Ready,Ready,N,N,EU,Y,http://www.aptaclub.it/,,,
IT Aptamil,https://qrw.aptaclub.it ,Public prod,Ready,Ready,Ready,N,N,EU,Y,http://www.aptaclub.it/,,,
IT Aptamil,https://qrx.aptaclub.it ,Public prod,Ready,Ready,Ready,N,N,EU,Y,http://www.aptaclub.it/,,,
IT Aptamil,https://qry.aptaclub.it ,Public prod,Ready,Ready,Ready,N,N,EU,Y,http://www.aptaclub.it/,,,
IT Aptamil,https://qrz.aptaclub.it ,Public prod,Ready,Ready,Ready,N,N,EU,Y,http://www.aptaclub.it/,,,
IT Aptamil,https://rolex-aptamilit-prod-64-eu.content.digital4danone.com,Prod Tech,Ready,Ready,Not ready,N,N,EU,N,,N,N,
IT Aptamil,https://rolex-aptamilit-rc-64-eu.aem.digital4danone.com,RC,Ready,Ready,Not ready,N,N,EU,N,,N,N,
IT Aptamil,https://rolex-aptamilit-staging-64-eu.content.digital4danone.com,Staging,Ready,Ready,Not ready,N,N,EU,N,,N,N,
ME Aptamil,https://qru.apta-advice.com,Public prod,Ready,Ready,Ready,N,N,EU,Y,https://www.apta-advice.com/products/#,,,
ME Aptamil,https://qrv.apta-advice.com,Public prod,Ready,Ready,Ready,N,N,EU,Y,https://www.apta-advice.com/products/#,,,
ME Aptamil,https://qrw.apta-advice.com,Public prod,Ready,Ready,Ready,N,N,EU,Y,https://www.apta-advice.com/products/#,,,
ME Aptamil,https://qrs.apta-advice.com,Public prod,Ready,Ready,Ready,N,N,EU,Y,https://www.apta-advice.com/products/#,,,
ME Aptamil,https://qrt.apta-advice.com,Public prod,Ready,Ready,Ready,N,N,EU,Y,https://www.apta-advice.com/products/#,,,
ME Aptamil,https://rolex-aptamil-me-prod-64.content.digital4danone.com,Prod Tech,Not ready,Ready,Not ready,N,,EU,,,,,
ME Aptamil,https://rolex-aptamil-me-organic-staging-64.content.digital4danone.com,Staging,Not ready,Ready,Not ready,N,,EU,,,,,
ME Aptamil,https://rolex-aptamilme-organic-rc-64-eu.aem.digital4danone.com,RC,Not ready,Ready,Not ready,N,,EU,,,,,
NL Nutrilon,https://nutrilonnl.content.digital4danone.com.cn,Public prod,Ready,Ready,Ready,N,N,CN,Y,,N,N,Content of https://www.nutriciavoorjou.nl/nutrilon/producten/QR?utm_source=qr_code&utm_medium=qr&utm_campaign=phase_2
NL Nutrilon,https://qr.nutrilon.nl,Public prod,Ready,Ready,Ready,Y,N,EU,Y,https://www.nutriciavoorjou.nl/nutrilon/qr/?utm_source=qr_code&utm_medium=qr&utm_campaign=phase_2,,,
NL Nutrilon,https://qr.nutrilon-nl.com,Public prod,Ready,Ready,Ready,Y,Y,CN,Y,https://www.nutriciavoorjou.nl/nutrilon/producten/QR?utm_source=qr_code&utm_medium=qr&utm_campaign=phase_2,N,N,
NL Nutrilon,https://qrs.nutrilon.nl,Public prod,Ready,Ready,Ready,N,N,EU,Y,https://www.nutriciavoorjou.nl/nutrilon/qr/?utm_source=qr_code&utm_medium=qr&utm_campaign=phase_2,,,
NL Nutrilon,https://qrs.nutrilon-nl.com,Public prod,Ready,Ready,Ready,Y,Y,CN,Y,https://www.nutriciavoorjou.nl/nutrilon/producten/QR?utm_source=qr_code&utm_medium=qr&utm_campaign=phase_2,N,N,
NL Nutrilon,https://qrt.nutrilon.nl,Public prod,Ready,Ready,Ready,Y,N,EU,N,https://www.nutriciavoorjou.nl/nutrilon/producten/QR?utm_source=qr_code&utm_medium=qr&utm_campaign=phase_2,Y,Y,
NL Nutrilon,https://rolex-nutrilon-nl-prod-64.content.digital4danone.com,Prod Tech,Ready,Ready,Ready,N,N,EU,N,,N,N,
NL Nutrilon,https://qrt.nutrilon-nl.com,Public prod,Ready,Ready,Ready,Y,Y,CN,Y,https://qrt.nutrilon.nl,N,N,
NL Nutrilon,https://qru.nutrilon.nl,Public prod,Not ready,Ready,Not ready,N,N,EU,,,,,
NL Nutrilon,https://qru.nutrilon-nl.com,Public prod,Ready,Ready,Ready,Y,Y,CN,Y,https://www.nutriciavoorjou.nl/nutrilon/producten/QR?utm_source=qr_code&utm_medium=qr&utm_campaign=phase_2,N,N,
NL Nutrilon,https://qrv.nutrilon.nl,Public prod,Not ready,Ready,Not ready,N,N,EU,,,,,
NL Nutrilon,https://qrv.nutrilon-nl.com,Public prod,Ready,Ready,Ready,Y,Y,CN,Y,https://www.nutriciavoorjou.nl/nutrilon/producten/QR?utm_source=qr_code&utm_medium=qr&utm_campaign=phase_2,N,N,
NL Nutrilon,https://qrw.nutrilon.nl,Public prod,Not ready,Ready,Not ready,N,N,EU,,,,,
NL Nutrilon,https://qrw.nutrilon-nl.com,Public prod,Ready,Ready,Not ready,Y,Y,CN,Y,https://www.nutriciavoorjou.nl/nutrilon/producten/QR?utm_source=qr_code&utm_medium=qr&utm_campaign=phase_2,N,N,
NL Nutrilon,https://qra.nutrilon-nl.com,Public prod,Ready,Ready,Ready,Y,Y,CN,Y,https://www.nutriciavoorjou.nl/nutrilon/producten/QR?utm_source=qr_code&utm_medium=qr&utm_campaign=phase_2,N,N,
NL Nutrilon,https://qrb.nutrilon-nl.com,Public prod,Ready,Ready,Ready,Y,Y,CN,Y,https://www.nutriciavoorjou.nl/nutrilon/producten/QR?utm_source=qr_code&utm_medium=qr&utm_campaign=phase_2,N,N,
NL Nutrilon,https://qrc.nutrilon-nl.com,Public prod,Ready,Ready,Ready,Y,Y,CN,Y,https://www.nutriciavoorjou.nl/nutrilon/producten/QR?utm_source=qr_code&utm_medium=qr&utm_campaign=phase_2,N,N,
NL Nutrilon,https://qrd.nutrilon-nl.com,Public prod,Ready,Ready,Ready,Y,Y,CN,Y,https://www.nutriciavoorjou.nl/nutrilon/producten/QR?utm_source=qr_code&utm_medium=qr&utm_campaign=phase_2,N,N,
NL Nutrilon,https://qre.nutrilon-nl.com,Public prod,Ready,Ready,Ready,Y,Y,CN,Y,https://www.nutriciavoorjou.nl/nutrilon/producten/QR?utm_source=qr_code&utm_medium=qr&utm_campaign=phase_2,N,N,
NL Nutrilon,https://rolex-nutrilon-nl-prod-64-cn.content.digital4danone.com.cn,Prod Tech,Ready,Ready,Ready,N,N,CN,N,,N,N,
NL Nutrilon,https://rolex-nutrilonhollandcn-rc-64-eu.aem.digital4danone.com,RC,Ready,Ready,Ready,N,N,EU,N,,N,N,
NL Nutrilon,https://rolex-nutrilonhollandcn-staging-64-eu.content.digital4danone.com,Staging,Ready,Ready,Ready,N,N,EU,N,,N,Y,
NL Nutrilon,https://nutrilonnl-staging.content.digital4danone.com.cn,Staging,Ready,Ready,Ready,N,N,CN,Y,https://www.nutriciavoorjou.nl/nutrilon/producten/QR?utm_source=qr_code&utm_medium=qr&utm_campaign=phase_2,N,N,
NL Nutrilon,https://rolex-nutrilonhollandcn-staging-64-cn.content.digital4danone.com.cn,Staging,Ready,Ready,Ready,N,Y,CN,N,,N,Y,
NZ Aptamil,https://rolex-aptamil-nz-prod-64.content.digital4danone.com,Prod Tech,Not needed,Not needed,Not needed,N,N,EU,N,,N,N,
NZ Aptamil,https://rolex-aptamilnz-rc-64-eu.aem.digital4danone.com,RC,Not needed,Not needed,Not needed,N,N,EU,N,,N,N,
NZ Aptamil,https://rolex-aptamilnz-staging-64-eu.content.digital4danone.com,Staging,Not needed,Not needed,Not needed,N,N,EU,N,,N,Y,
NZ Karicare,https://rolex-karinourish-nz-prod-64.content.digital4danone.com,Prod Tech,Not needed,Not needed,Not needed,N,N,EU,N,,N,N,
NZ Karicare,https://rolex-karinourishnz-rc-64-eu.aem.digital4danone.com,RC,Not needed,Not needed,Not needed,N,N,EU,N,,N,N,
NZ Karicare,https://rolex-karinourishnz-staging-64-eu.content.digital4danone.com,Staging,Not needed,Not needed,Not needed,N,N,EU,N,,N,Y,
PL Bebilon,https://qrt.bebiprogram.pl,Public prod,Ready,Ready,Ready,N,N,EU,Y,https://www.bebiprogram.pl/produkty/bebilon-2-advance,,,
PL Bebilon,https://qru.bebiprogram.pl,Public prod,Ready,Ready,Ready,N,N,EU,Y,https://www.bebiprogram.pl/produkty/bebilon-2-advance,,,
PL Bebilon,https://qrv.bebiprogram.pl,Public prod,Ready,Ready,Ready,N,N,EU,Y,https://www.bebiprogram.pl/produkty/bebilon-2-advance,,,
PL Bebilon,https://qrw.bebiprogram.pl,Public prod,Ready,Ready,Ready,N,N,EU,Y,https://www.bebiprogram.pl/produkty/bebilon-2-advance,,,
PL Bebilon,https://qrx.bebiprogram.pl,Public prod,Ready,Ready,Ready,N,N,EU,Y,https://www.bebiprogram.pl/produkty/bebilon-2-advance,,,
PL Bebilon,https://qry.bebiprogram.pl,Public prod,Ready,Ready,Ready,N,N,EU,Y,https://www.bebiprogram.pl/produkty/bebilon-2-advance,,,
PL Bebilon,https://qrz.bebiprogram.pl,Public prod,Ready,Ready,Ready,N,N,EU,Y,https://www.bebiprogram.pl/produkty/bebilon-2-advance,,,
TR Aptamil,https://qrs.ilkadimlarim.com,Public prod,Ready,Ready,Ready,N,N,EU,Y,https://ilkadimlarim.com/devam-sutu-ne-kadar-verilmeli,,,
TR Aptamil,https://qrt.ilkadimlarim.com,Public prod,Ready,Ready,Ready,Y,N,EU,Y,https://ilkadimlarim.com/devam-sutu-ne-kadar-verilmeli,,,
TR Aptamil,https://qru.ilkadimlarim.com,Public prod,Ready,Ready,Ready,N,N,EU,Y,https://ilkadimlarim.com/devam-sutu-ne-kadar-verilmeli,,,
TR Aptamil,https://qrv.ilkadimlarim.com,Public prod,Ready,Ready,Ready,N,N,EU,Y,https://ilkadimlarim.com/devam-sutu-ne-kadar-verilmeli,,,
TR Aptamil,https://qrw.ilkadimlarim.com,Public prod,Ready,Ready,Ready,N,N,EU,Y,https://ilkadimlarim.com/devam-sutu-ne-kadar-verilmeli,,,
TR Aptamil,https://rolex-aptamil-tr-prod-64.content.digital4danone.com,Prod Tech,Ready,Ready,Not Ready,N,N,EU,N,,,,
TR Aptamil,https://rolex-aptamiltr-rc-64-eu.aem.digital4danone.com,RC,Ready,Ready,Not Ready,N,N,EU,N,,,,
TR Aptamil,https://rolex-aptamil-tr-staging-64-eu.content.digital4danone.com,Staging,Ready,Ready,Not Ready,N,N,EU,N,,,,
UK Aptamil,https://aptamiluk.content.digital4danone.com.cn,Public prod,Ready,Ready,Ready,N,N,CN,N,,N,N,Content of https://www.aptaclub.co.uk/products/quality-affairs.html
UK Aptamil,https://qr.aptamil-uk.com,Public prod,Ready,Ready,Ready,N,Y,CN,Y,,N,N,
UK Aptamil,https://qrs.aptamil-uk.com,Public prod,Ready,Ready,Ready,N,Y,CN,Y,,N,N,
UK Aptamil,https://qrt.aptamil-uk.com,Public prod,Ready,Ready,Ready,N,Y,CN,Y,,N,N,
UK Aptamil,https://qr.aptaclub.co.uk ,Public prod,Ready,Ready,Ready,N,N,EU,Y,"Ireland: https://www.aptaclub.ie/aptamil-quality-assurance/
Others: https://www.aptaclub.co.uk/products/quality-affairs.html",N,Y,"For ireland consumers, redirect to 1 url. For other countries, redirect to another url"
UK Aptamil,https://qrs.aptaclub.co.uk,Public prod,Ready,Ready,Ready,N,N,EU,Y,"Ireland: https://www.aptaclub.ie/aptamil-quality-assurance/
Others: https://www.aptaclub.co.uk/products/quality-affairs.html",N,N,"For ireland consumers, redirect to 1 url. For other countries, redirect to another url"
UK Aptamil,https://qrt.aptaclub.co.uk,Public prod,Ready,Ready,Ready,N,N,EU,Y,"IE: https://www.aptaclub.ie/aptamil-quality-assurance/
Others: https://www.aptaclub.co.uk/products/quality-affairs.html",N,N,
UK Aptamil,https://qrv.aptaclub.co.uk,Public prod,Ready,Ready,Ready,N,N,EU,Y,"Ireland: https://www.aptaclub.ie/aptamil-quality-assurance/
Others: https://www.aptaclub.co.uk/products/quality-affairs.html",N,N,"For ireland consumers, redirect to 1 url. For other countries, redirect to another url"
UK Aptamil,https://qru.aptamil-uk.com,Public prod,Ready,Ready,Ready,N,Y,CN,Y,,N,N,
UK Aptamil,https://qrv.aptamil-uk.com,Public prod,Ready,Ready,Ready,N,Y,CN,Y,,N,N,
UK Aptamil,https://qrw.aptamil-uk.com,Public prod,Ready,Ready,Ready,N,Y,CN,Y,,N,N,
UK Aptamil,https://qrt.aptamil-ukie.com,Public prod,Ready,Ready,Ready,N,Y,CN,Y,,N,N,
UK Aptamil,https://rolex-aptaclub-uk-prod-64.content.digital4danone.com,Prod Tech,Ready,Ready,Ready,N,N,EU,N,,N,N,
UK Aptamil,https://rolex-aptaclub-uk-prod-64.content.digital4danone.com.cn,Prod Tech,Ready,Ready,Ready,N,N,CN,Y,,N,N,
UK Aptamil,https://rolex-aptaclubuk-rc-64-eu.aem.digital4danone.com,RC,Ready,Ready,Ready,N,N,EU,N,,N,N,
UK Aptamil,https://rolex-aptaclubuk-staging-64-eu.content.digital4danone.com,Staging,Ready,Ready,Ready,N,N,EU,N,,N,Y,
UK Aptamil,https://aptamiluk-staging.content.digital4danone.com.cn,Staging,Ready,Ready,Ready,N,N,CN,N,,N,N,Content of https://www.aptaclub.co.uk/products/quality-affairs.html
UK Aptamil,https://rolex-aptaclubuk-staging-64.content.digital4danone.com.cn,Staging,Ready,Ready,Ready,N,Y,CN,N,,N,N,
UK C&G,https://qru.cgbabyclub.co.uk,Public prod,Ready,Ready,Ready,N,N,EU,Y,"Ireland: https://www.candgbabyclub.ie/baby/feeding/common-feeding-worries-and-what-to-expect.html
Others: https://www.cgbabyclub.co.uk/baby/feeding/common-feeding-worries-and-what-to-expect.html",N,N,It looks like it is handled locally (and it doesn't work anyway)
UK C&G,https://cowandgateuk.content.digital4danone.com.cn,Public prod,Ready,Ready,Ready,N,N,CN,N,,N,N,Content of https://www.cgbabyclub.co.uk/products/quality-control.html
UK C&G,https://qr.cowgate-uk.com,Public prod,Ready,Ready,Ready,N,Y,CN,Y,,N,N,
UK C&G,https://qrs.cowgate-uk.com,Public prod,Ready,Ready,Ready,N,Y,CN,Y,,N,N,
UK C&G,https://qrt.cowgate-uk.com,Public prod,Ready,Ready,Ready,N,Y,CN,Y,,N,N,
UK C&G,https://qr.cgbabyclub.co.uk,Public prod,Ready,Ready,Ready,N,N,EU,Y,"Ireland: https://www.candgbabyclub.ie/quality-assurance/?utm_source=qr_code&utm_medium=qr&utm_campaign=phase_2
Others: https://www.cgbabyclub.co.uk/products/quality-control.html",N,N,Previous prod URL was : qr.cgbabyclub.co.uk 
UK C&G,https://qr2.cgbabyclub.co.uk,Public prod,Ready,Ready,Ready,N,N,EU,Y,"Ireland: https://www.candgbabyclub.ie/quality-assurance/?utm_source=qr_code&utm_medium=qr&utm_campaign=phase_2
Others: https://www.cgbabyclub.co.uk/products/quality-control.html",N,N,"For ireland consumers, redirect to 1 url. For other countries, redirect to another url"
UK C&G,https://qrt.cgbabyclub.co.uk,Public prod,Ready,Ready,Ready,N,N,EU,Y,"Ireland: https://www.candgbabyclub.ie/sustainability_and_quality.html
Others: https://www.cgbabyclub.co.uk/products/sustainability-and-quality.html",N,N,It looks like it is handled locally (and it doesn't work anyway)
UK C&G,https://qrs.cowandgate.co.uk,Public prod,Ready,Ready,Ready,N,N,EU,Y,"Ireland: https://www.candgbabyclub.ie/quality-assurance/?utm_source=qr_code&utm_medium=qr&utm_campaign=phase_2
Others: https://www.cgbabyclub.co.uk/products/quality-control.html",N,N,Previous prod URL was : qr.cgbabyclub.co.uk 
UK C&G,https://qru.cowgate-uk.com,Public prod,Ready,Ready,Ready,N,Y,CN,Y,,N,N,
UK C&G,https://qrv.cowgate-uk.com,Public prod,Ready,Ready,Ready,N,Y,CN,Y,,N,N,
UK C&G,https://qrw.cowgate-uk.com,Public prod,Ready,Ready,Ready,N,Y,CN,Y,,N,N,
UK C&G,https://qrt.cowgate-ukie.com,Public prod,Ready,Ready,Ready,N,Y,CN,Y,,N,N,
UK C&G,https://rolex-cowandgate-uk-prod-64.content.digital4danone.com,Prod Tech,Ready,Ready,Ready,N,N,EU,N,,N,N,
UK C&G,https://rolex-cowandgate-uk-prod-64-cn.content.digital4danone.com.cn,Prod Tech,Ready,Ready,Ready,N,N,CN,Y,,N,N,
UK C&G,https://rolex-cowandgateuk-rc-64-eu.aem.digital4danone.com,RC,Ready,Ready,Ready,N,N,EU,N,,N,N,
UK C&G,https://rolex-cowandgateuk-staging-64-eu.content.digital4danone.com,Staging,Ready,Ready,Ready,N,N,EU,N,,N,Y,
UK C&G,https://cowandgateuk-staging.content.digital4danone.com.cn,Staging,Ready,Ready,Ready,N,N,CN,N,,N,N,Content of https://www.cgbabyclub.co.uk/products/quality-control.html
UK C&G,https://rolex-cowandgateuk-staging-64-cn.content.digital4danone.com.cn,Staging,Ready,Ready,Ready,N,Y,CN,N,,N,N,
VN Aptamil,https://rolex-aptamil-camb-au-prod-64.content.digital4danone.com,Tech Prod,Ready,Ready,Not ready,N,N,EU,N,,,,
VN Aptamil,https://qrt.aptaclub.asia ,Public prod,Ready,Ready,Ready,Y,N,EU,N,"Scans in Cambodia: https://www.aptaclub.com.kh/
Scans in Vietnam: https://www.aptaclub.com.vn/
Scans in rest of world: [country selection page]",N,Y,
VN Aptamil,https://qr.aptaclub.com.vn,Public prod,TO DELETE,Ready,Ready,N,N,EU,Y,https://www.aptaclub.com.vn/vi/qr.html,N,N,
VN Aptamil,https://qrs.aptaclub.com.vn,Public prod,TO DELETE,Ready,Ready,N,N,EU,Y,https://www.aptaclub.com.vn/vi/qr.html,N,N,
VN Aptamil,https://qrt.aptaclub.com.vn,Public prod,TO DELETE,Ready,Ready,N,N,EU,Y,https://www.aptaclub.com.vn/vi/qr.html,N,N,
VN Aptamil,https://qru.aptaclub.com.vn,Public prod,TO DELETE,Ready,Ready,N,N,EU,Y,https://www.aptaclub.com.vn/vi/qr.html,N,N,
VN Aptamil,https://qrv.aptaclub.com.vn,Public prod,TO DELETE,Ready,Ready,N,N,EU,Y,https://www.aptaclub.com.vn/vi/qr.html,N,N,
VN Aptamil,https://qrw.aptaclub.com.vn,Public prod,TO DELETE,Ready,Ready,N,N,EU,Y,https://www.aptaclub.com.vn/vi/qr.html,N,N,
VN Aptamil,https://rolex-aptamil-vn-prod-64.content.digital4danone.com,Prod Tech,Ready,Ready,Not Ready,N,N,EU,N,,,,
VN Aptamil,https://rolex-aptamil-vn-rc-64-eu.aem.digital4danone.com,RC,Ready,Ready,Ready,N,N,EU,N,,,,
VN Aptamil,https://rolex-aptamil-vn-staging-64-eu.content.digital4danone.com,Staging,Ready,Ready,Ready,N,N,EU,N,,,,